{"params_N16z": {"mse": {"__ndarray__": [[0.006491419313608742, 0.009603461872256072], [0.006552775133013562, 0.009665019492161695], [0.006449821854728301, 0.009423630465843862], [0.006786428092197297, 0.009175537334800145], [0.0068562288886196195, 0.009129366598566767], [0.0064058710010284955, 0.009079669342422308], [0.006289967762928601, 0.008839874682215844], [0.0061746175122801275, 0.008652607170930719], [0.006063073031593102, 0.00829878883390301], [0.005542588195803919, 0.007598850862288146], [0.005762950477791857, 0.007555300476903693], [0.00574513489495785, 0.007102113578471908], [0.005856621216566466, 0.006791922886433267], [0.006020314043487212, 0.006511119259736878], [0.006125134048032555, 0.006299380978442533], [0.006319673787311779, 0.006060861354837353], [0.006432305557070169, 0.005923453733319185], [0.006530303775084023, 0.005772059345770221], [0.006626482872947516, 0.005626892773049666], [0.006728493754172317, 0.005506324343989912], [0.006743539835982336, 0.005400573650063413], [0.006704639862875845, 0.005338793791156491], [0.006736231941323815, 0.005306369236795416], [0.006637152526800048, 0.005254602757922802], [0.00648611812507465, 0.005159454181185859], [0.00647123994502715, 0.00515683701500865], [0.006257072193628531, 0.005060038384733544], [0.0061202280197271705, 0.005045216917692731], [0.00600333468112533, 0.004874004937758971], [0.005853151435203905, 0.0047983097282462]], "dtype": "float64", "shape": [30, 2], "Corder": true}, "mde": {"__ndarray__": [[0.6787839862984372, 0.276600299721687], [0.7030186255619781, 0.2700920573752944], [0.6879040890601584, 0.28105330764290304], [0.6623421108970242, 0.2932134446585314], [0.6489402697495184, 0.2958681224577179], [0.6348533504602869, 0.30593020766431167], [0.6219225005352174, 0.311410832798116], [0.6037679297794905, 0.3149218582744594], [0.5785056733033611, 0.3164204667094841], [0.5726396917148362, 0.31894669235709694], [0.5551701991008349, 0.32746735174480834], [0.5504602868764719, 0.33838578462855917], [0.547077713551702, 0.3469064440162706], [0.5442517662170842, 0.35799614643545274], [0.5413401841147506, 0.36912866623849283], [0.5383001498608435, 0.38008991650610147], [0.534532220081353, 0.389424106187112], [0.5321772639691715, 0.3980304003425391], [0.5310211946050096, 0.4045386426889317], [0.5300363947762792, 0.4123314065510597], [0.5283236994219653, 0.42020980518090345], [0.5279383429672446, 0.42483408263755085], [0.5269535431385142, 0.42984371654891884], [0.5262256476129308, 0.4342110897024192], [0.5249839434810533, 0.44153286234211087], [0.5251123956326269, 0.4412759580389638], [0.5222436309141512, 0.44992506957824874], [0.5201455791051166, 0.450139156497538], [0.5184757011346607, 0.45382145150931275], [0.5159494754870477, 0.46118604153286236]], "dtype": "float64", "shape": [30, 2], "Corder": true}}, "params_N2z": {"mse": {"__ndarray__": [[0.005473751303791462, 0.006172957218953114], [0.005146207106271491, 0.006320897271756599], [0.005177184261588342, 0.0061126293772943655], [0.005383328072587581, 0.00606489553647263], [0.0055983164637146724, 0.0061911690250464994], [0.005724131077972767, 0.006317110772617004], [0.005842242631178198, 0.006408655681081898], [0.006031017664917966, 0.00634586496211048], [0.005997960097862815, 0.006213487494862039], [0.0058743005167840555, 0.0061584249829630166], [0.00582367204584085, 0.006070269808986497], [0.005702059994888006, 0.005953347551963437], [0.005604377253634199, 0.005852447877086529], [0.0056246537983232914, 0.005800858673264063], [0.005643801831027377, 0.005730913935047853], [0.005490434038962376, 0.005653716422718338], [0.0053813219182029795, 0.0055688532457578025], [0.005303731086442663, 0.005531119420653762], [0.005180583645293639, 0.0054771377505338096], [0.005019226773850948, 0.005377596672152974], [0.004861380840590504, 0.0052496385608704985], [0.004722984283372984, 0.005131418183478499], [0.004493907850957731, 0.00495379768920999], [0.004338593484696893, 0.004897371179509391], [0.004245007817514695, 0.004807642403029967], [0.004116108158737234, 0.004697569564219644], [0.004056759141897426, 0.004570044788750768], [0.004005153791157706, 0.004355374314896768], [0.00389145980158765, 0.004347149385514907], [0.0037878719722114393, 0.004266968701227225]], "dtype": "float64", "shape": [30, 2], "Corder": true}, "mde": {"__ndarray__": [[0.5899268261371903, 0.12542256835979293], [0.4027985793144765, 0.1615387907056357], [0.26316915571911503, 0.1898669177114981], [0.26252727972955625, 0.2092087808635371], [0.28071376610038945, 0.2237579699602037], [0.3037357182592323, 0.2379220334631349], [0.32496041764731054, 0.2520433052334289], [0.3423766528306731, 0.265351534083615], [0.36141897385425137, 0.2799863066455561], [0.3798622106209081, 0.2925670760409089], [0.3924429800162609, 0.30142496469682056], [0.40425349822414314, 0.31306431597415374], [0.41345372074115283, 0.32115195344259484], [0.4200864392999273, 0.3246180837862125], [0.4271470751850742, 0.33013821729641835], [0.43241045829945657, 0.33309084684838886], [0.43600496384098597, 0.33441739056014375], [0.43951388591724083, 0.33600068466772215], [0.4421669733407506, 0.3381830630322221], [0.4508536950661133, 0.3387821472891437], [0.4522658222431426, 0.3424194445633104], [0.4567161624374171, 0.3435748213445162], [0.45932645812828965, 0.3496512473790063], [0.4641619239162994, 0.34969403911164365], [0.4655312593606915, 0.3504642902991142], [0.46767084599255426, 0.3547862552954769], [0.46767084599255426, 0.3572681757884377], [0.46882622277376007, 0.3639436860798494], [0.4722495613847405, 0.36064872266678083], [0.47327656296803455, 0.3599640549445847]], "dtype": "float64", "shape": [30, 2], "Corder": true}}, "params_N4z": {"mse": {"__ndarray__": [[0.006009019886477828, 0.008734271885398628], [0.00564878964317658, 0.010920109041867444], [0.005503367085687216, 0.012071807166124049], [0.005559842929699786, 0.01360263297737403], [0.005536477789326767, 0.012517438681987202], [0.0054619657282836175, 0.012519660077987924], [0.005285830046455155, 0.012395841007542078], [0.005199358730371904, 0.012545609089968964], [0.005144040308114167, 0.012481724269283083], [0.005039879727618138, 0.012314870654578178], [0.005019220923375401, 0.01204523426868599], [0.004949728644843395, 0.011773289299837328], [0.0047901764744027, 0.011415023411727837], [0.004690001562833846, 0.010932485865440043], [0.004621079091542217, 0.010564106315530246], [0.004556198524242695, 0.010051932131428675], [0.004534122004683621, 0.009502500747733395], [0.004540569268314705, 0.009098054394914231], [0.004567888439703297, 0.008604057919675265], [0.004626749767903673, 0.008210064377113933], [0.004615923262430569, 0.00772500335749962], [0.004640714634527766, 0.007507260173729812], [0.004613075179886919, 0.00728766655589056], [0.004638398703754091, 0.007134009113322292], [0.004570544272461825, 0.006798369606549348], [0.004557287599355315, 0.0065749152010067475], [0.004506541548784686, 0.006409069958263416], [0.004498191132920987, 0.006231514886991837], [0.004378369454001853, 0.00605447834382508], [0.004309510608595954, 0.005954851524747007]], "dtype": "float64", "shape": [30, 2], "Corder": true},