{"params_N16z": {"mse": {"__ndarray__": [[0.012132831970048196, 0.016861368750594692], [0.011395437898684057, 0.01406428483366861], [0.010682500750752466, 0.012219100939172996], [0.010820843312979932, 0.011343434863376188], [0.010581803648983189, 0.01089113107685382], [0.009859282482596394, 0.010531722162625542], [0.009577555104106418, 0.010212696192957027], [0.009329143472133214, 0.00994794563757018], [0.009178333393734264, 0.009675065390270327], [0.008708028077534818, 0.009265531174960958], [0.008725962687460178, 0.009160459946912192], [0.00868030407834607, 0.00890075844048666], [0.008747140488193588, 0.008703834192199124], [0.00888535122898913, 0.008565268605279305], [0.008939627281484739, 0.008498513441228463], [0.009103329072870854, 0.00843144443861795], [0.009226760449919047, 0.008423746576690426], [0.009312717405272761, 0.00839954075544465], [0.009433958134224759, 0.008360770995423534], [0.009534851847645956, 0.008316228930188118], [0.009551947572739104, 0.008295428348945002], [0.009534324375016855, 0.00829430394083666], [0.00953051338187687, 0.008295532609664803], [0.009471238946666797, 0.008312447346456102], [0.00935919819547636, 0.008315608278664417], [0.00935800355522913, 0.008354444578315369], [0.009210258193260358, 0.008379980190367687], [0.009151728006282634, 0.00843405986559692], [0.009139370226330346, 0.008407696114566989], [0.009068839938398689, 0.008431989526098731]], "dtype": "float64", "shape": [30, 2], "Corder": true}, "mde": {"__ndarray__": [[0.6472703917790623, 0.3799043745093842], [0.6815100264040534, 0.3617212588310854], [0.6501391564975381, 0.3572825233711554], [0.6339541853992721, 0.35441375865267966], [0.6115178762577607, 0.34079783058588453], [0.5851709127238993, 0.3391564975380005], [0.5672447013487476, 0.3356882894455149], [0.5453507457361022, 0.3327338899593235], [0.5154927567258973, 0.3299222150859916], [0.5058160279740241, 0.32796688788981665], [0.48416470420323987, 0.3331049739527582], [0.4758581317348177, 0.34084064796974234], [0.4722757439520445, 0.3474916149289945], [0.4677513737243988, 0.3567401698422893], [0.46299864411617786, 0.3658745450652965], [0.4600156997074145, 0.3742096624562906], [0.45629058731178196, 0.3812317134089773], [0.45243702276457576, 0.38698351530721475], [0.45001070434596446, 0.39076571754799116], [0.4485977306786555, 0.39396274887604366], [0.44629986441161773, 0.39831584956825805], [0.44348818953828584, 0.4020266895026047], [0.44051951759080854, 0.40341111824734177], [0.43673731535003213, 0.40645115250124886], [0.4336830086348391, 0.4114465139513309], [0.43188467851280954, 0.4124455862413473], [0.42984371654891884, 0.41912509812317134], [0.4290872761007636, 0.41971026903589526], [0.42941554271034044, 0.4220366802255049], [0.42853065011061153, 0.42864482980089913]], "dtype": "float64", "shape": [30, 2], "Corder": true}}, "params_N2z": {"mse": {"__ndarray__": [[0.01136443260269457, 0.012593049240511673], [0.011023133377550839, 0.012025718071081274], [0.010965577204920597, 0.01151904956608396], [0.011003548173282572, 0.011237581603346623], [0.011159355079805403, 0.011091253501979885], [0.011211431957400418, 0.010947789720957541], [0.011209138607852385, 0.0107905772559324], [0.011379123028687233, 0.010534754937116463], [0.011270300989014784, 0.010272318369372301], [0.011031202783857089, 0.01013718635045876], [0.010899335636988548, 0.010010673119793362], [0.010695260427622002, 0.00987793143591296], [0.010546094536391363, 0.009759136481123021], [0.010512246566714203, 0.009699247367139056], [0.0104923496897593, 0.009635005947473947], [0.010287070051245104, 0.009562068242206654], [0.010146856944000478, 0.009509848129827596], [0.01004913957124948, 0.009490610633136052], [0.009875074353512167, 0.009454305697736892], [0.00966931241745679, 0.009404581287553374], [0.009471789080755397, 0.009345734350352406], [0.009285845933688062, 0.009310930498539385], [0.009008897799147639, 0.009201644156029897], [0.008813380977645622, 0.009204849653440043], [0.008713275415516865, 0.009199630818329191], [0.008570453167694315, 0.009152206111210438], [0.008540790772242627, 0.009125789215290076], [0.00851558192823936, 0.0090140884779255], [0.008423554033262247, 0.009076011074697425], [0.008334918342789719, 0.00908572332673314]], "dtype": "float64", "shape": [30, 2], "Corder": true}, "mde": {"__ndarray__": [[0.4666581083201392, 0.15397891793972074], [0.3272854351206014, 0.18674312122897851], [0.24471165504157932, 0.215898555065828], [0.2570642018628667, 0.23377123539732125], [0.2794870697647881, 0.24586703182278513], [0.3035930791504414, 0.2565221732494616], [0.3246180837862125, 0.2687035531402], [0.34425948906671233, 0.2860484687691671], [0.3608769452408461, 0.3044346498923075], [0.374313549288944, 0.3176858230989773], [0.3859386366553982, 0.328911520960817], [0.3972071262498752, 0.3356583508066242], [0.4053518193618326, 0.3433038070378136], [0.41348224856291094, 0.3452579628282483], [0.42137019127904485, 0.3509777910907612], [0.42609154578002195, 0.3533883920293266], [0.4313834567161624, 0.3547862552954769], [0.4365755202761493, 0.35571340950261743], [0.4385296760665839, 0.3569543697490978], [0.4408404296289957, 0.3567689389076697], [0.44229534853866237, 0.3592365954897514], [0.4443778795270087, 0.3609910565278788], [0.4418674312122898, 0.367580983354016], [0.440398248391744, 0.36795184503687217], [0.4407405822528421, 0.3693497083030225], [0.43915728814526367, 0.3720027957265323], [0.4407548461637212, 0.3747129387935584], [0.4432367666566819, 0.38181636641134264], [0.44136819433152186, 0.3807608370062904], [0.4396707889369107, 0.38274352061848316]], "dtype": "float64", "shape": [30, 2], "Corder": true}}, "params_N4z": {"mse": {"__ndarray__": [[0.014463685306897608, 0.01499476908765985], [0.012048657259570819, 0.015524821302178986], [0.011107746031403874, 0.01558490331652541], [0.010322257929775376, 0.01597777277350527], [0.010077893347395249, 0.014906205231282449], [0.009874832759958764, 0.01469936207569905], [0.009601296945437614, 0.014447755902448746], [0.00946103427358879, 0.014536295878192896], [0.009347253880707947, 0.0145870260907562], [0.009220344223620253, 0.014569599552909065], [0.009131078132595801, 0.014487644469417015], [0.009030602817513972, 0.014329276016013588], [0.008874154311054447, 0.014135954812679924], [0.008767633975995335, 0.013827829997592573], [0.008670306078281119, 0.013566982372149108], [0.008570026286011334, 0.013190941466629516], [0.008512676168540583, 0.012816943384601338], [0.00848222929196512, 0.012548231750676528], [0.00847229459048393, 0.012219903589850338], [0.008488922636774388, 0.011891309715829513], [0.008480491195011595, 0.011509812391107443], [0.008488775871042256, 0.011383953925252715], [0.00846734077028715, 0.011214760153655424], [0.008485955927468973, 0.011118495782542995], [0.008451386521078935, 0.010868380517999114], [0.008447656600853764, 0.01070181611049986], [0.008427290945877547, 0.01059594918494686], [0.00842041823793907, 0.010485133774048253], [0.008352754787415503, 0.01036702827599522], [0.008324392529725963, 0.010334996501123577]], "dtype": "float64", "shape": [30, 2], "Corder": true},