{"params_N16z": {"mse": {"__ndarray__": [[0.008013337837429035, 0.012873125018154193], [0.007728962631469613, 0.011235526608827722], [0.0074537678909497316, 0.009945249667082521], [0.00753663782536333, 0.00931449853548473], [0.007479296009064861, 0.009075048412822239], [0.007062130060696658, 0.008838154146828658], [0.0068160294414948575, 0.008514946751161679], [0.006616654089559598, 0.008255897678173656], [0.00644790630758694, 0.007929145660983669], [0.006045480914373329, 0.0073728620384616115], [0.0061150922560287806, 0.0073281110298218455], [0.006072742669711599, 0.007004928295764034], [0.006141184187290634, 0.00676787490062356], [0.006267405953672525, 0.006584895712749794], [0.006357860281839122, 0.006464354361549395], [0.006535920346403218, 0.0063364815034982975], [0.006653815165376768, 0.006280602702739609], [0.006756230733978853, 0.006215511528681427], [0.006866278147086187, 0.006145123146312513], [0.006963684588120944, 0.006082369305409981], [0.006983154336013403, 0.006022170746078698], [0.00695065960363992, 0.006007658366308951], [0.0069602090665944905, 0.006007611435561398], [0.006890500359350343, 0.006002453904568868], [0.006783647138512665, 0.0059628313149472385], [0.006782781182278134, 0.006006618203187802], [0.006631441793738573, 0.005969763015965661], [0.0065569155903969075, 0.006006429324551416], [0.006512620601789094, 0.005891555864522965], [0.006408611309058188, 0.005875235854377792]], "dtype": "float64", "shape": [30, 2], "Corder": true}, "mde": {"__ndarray__": [[0.6706058659815886, 0.29929351316634556], [0.7005352172982231, 0.29120102761721256], [0.6686362663241276, 0.2944551487904089], [0.6529651038321558, 0.2986940697923357], [0.6356240633697281, 0.2933847141939627], [0.6112181545707558, 0.29963605223720835], [0.5958895311496468, 0.30087775636908587], [0.5730250481695569, 0.30271890387497324], [0.537058445728966, 0.30233354742025265], [0.5337186897880539, 0.3017341040462428], [0.5087133376150716, 0.30854206807964035], [0.5015200171269536, 0.3165061014771997], [0.4989081567116249, 0.32434168272318564], [0.4946264183258403, 0.33179190751445087], [0.4883750802825947, 0.3381716977092699], [0.48400770712909447, 0.34519374866195673], [0.47771355170199103, 0.3525155213016484], [0.4717191179618925, 0.3570113466067223], [0.4682080924855492, 0.3623635195889531], [0.4648683365446371, 0.36690216227788486], [0.46084350246199957, 0.3725112395632627], [0.45604795546992083, 0.37692143010062085], [0.45262256476129303, 0.3794476557482338], [0.4470563048597731, 0.38308713337615075], [0.4439734532220081, 0.38861057589381287], [0.4424748447869835, 0.3914365232284307], [0.440119888674802, 0.39700278312995074], [0.4389210019267823, 0.3980732177263969], [0.43827874116891463, 0.40004281738385783], [0.43652322843074287, 0.4065510597302505]], "dtype": "float64", "shape": [30, 2], "Corder": true}}, "params_N2z": {"mse": {"__ndarray__": [[0.007994914149238044, 0.008914269618850825], [0.00789684516895402, 0.008670058936938077], [0.008091030157595014, 0.008382605175625477], [0.008366478381606084, 0.00829451813245023], [0.00863721908710798, 0.008278444358732024], [0.008728484697049552, 0.008226915382932978], [0.008732177078533517, 0.00812447499354253], [0.008884881289521189, 0.007870632872754796], [0.008777938259755591, 0.00759233886348458], [0.008545629638059278, 0.007463811336646114], [0.008419004478776164, 0.007325537075086523], [0.008193706093514053, 0.007194249134169676], [0.008024432227165625, 0.007042719551287332], [0.007992324847578123, 0.0069806144323189285], [0.007963737772602064, 0.006905025994636667], [0.007743136172063199, 0.006822405403804854], [0.007587408599881081, 0.006739694829416821], [0.007476415324171367, 0.006697401861875317], [0.007293683325373041, 0.006647350484982211], [0.007077943445079158, 0.0065623332220412335], [0.006842123209233341, 0.006464941371261348], [0.0066244532426784205, 0.006393830419577488], [0.006316934372007978, 0.006245756671814259], [0.006099024768858935, 0.006243719352053748], [0.005970969903754288, 0.006199246972889356], [0.005805375485124853, 0.006113517909844577], [0.005750673091815959, 0.006041326261008552], [0.005703013616772158, 0.0058728587687595], [0.005593627778728142, 0.005925112222693649], [0.005478373217730377, 0.005908068108154532]], "dtype": "float64", "shape": [30, 2], "Corder": true}, "mde": {"__ndarray__": [[0.4812786169712011, 0.12392485771748896], [0.3214514955710557, 0.1610680816466259], [0.20189139458256666, 0.19136462835380208], [0.20463006547135099, 0.2107492832384783], [0.22397192862339, 0.22410030382130175], [0.24677992211904665, 0.238606701185331], [0.26719157858701703, 0.252727972955625], [0.2871325259959776, 0.26971629081261506], [0.30566134622790875, 0.2864906500064187], [0.32277803928281057, 0.2994565449955069], [0.33938123154606525, 0.31109589627284007], [0.3538448371774573, 0.3198682014634773], [0.36745260815610425, 0.3282553810603791], [0.379691043690359, 0.33107963541443797], [0.3904745603149472, 0.3381402712995849], [0.40164320253327057, 0.34134965124737904], [0.4106722581197313, 0.34246223629594763], [0.4179040609354273, 0.3439599469382515], [0.4236809448414567, 0.34789678634087895], [0.4287303692926526, 0.34995078950746716], [0.4342932945354957, 0.3533741281184475], [0.4400701784415251, 0.3565407163336044], [0.4409688048269075, 0.3621464333090847], [0.4406264709658094, 0.36497068766314344], [0.4428088493303094, 0.3654841884547906], [0.4432795583893192, 0.36813727587830036], [0.4446061021010741, 0.37108990543027087], [0.4468312721982113, 0.3770379562668492], [0.44695964739612304, 0.3785356669091532], [0.4469168556634858, 0.3819590055201335]], "dtype": "float64", "shape": [30, 2], "Corder": true}}, "params_N4z": {"mse": {"__ndarray__": [[0.009673687896741405, 0.011840171759609013], [0.008692597143555017, 0.013289770169255262], [0.008276225015343992, 0.013915862535123419], [0.007970025139906559, 0.015034795829043967], [0.007868377848194294, 0.014015382398803266], [0.007655305007943722, 0.013917047529949947], [0.007343545288363309, 0.01364474252285082], [0.007107925925007001, 0.013676037990888259], [0.006935888557694581, 0.013586951711228515], [0.00675988659412621, 0.013447441671682915], [0.006637470816230213, 0.013205048554615843], [0.00649009830011692, 0.013009040926936943], [0.006290258454276772, 0.0126707669629968], [0.006156985383019558, 0.012297972468997024], [0.006056202604822616, 0.011976746894981079], [0.005959227269340162, 0.01151348346979737], [0.005902396065714485, 0.01099956499855816], [0.005884085905240477, 0.010614199049734978], [0.00586654595829497, 0.010162828702752778], [0.005868226442202184, 0.009790415296359389], [0.005831395812651185, 0.00932685688864629], [0.00581414854564953, 0.009161710856920736], [0.00577918485276932, 0.008962655640499568], [0.005768714105999482, 0.008843781912071576], [0.0057026139018859865, 0.008514372115425918], [0.005679540750011146, 0.008319327958616474], [0.005646760131891621, 0.008180345456483653], [0.005618057692546058, 0.008024152963227981], [0.005535405009691141, 0.007853314878787447], [0.00547396074977223, 0.007779622445534638]], "dtype": "float64", "shape": [30, 2], "Corder": true},